RMSE_GARCH,RMSE_ML,RMSE_HYBRID,RMSE_ROLLING,Corr_GARCH,Corr_ML,Corr_HYBRID,Signal_GARCH,Signal_ML,Signal_HYBRID,n_obs,Hybrid_vs_ML_pvalue,Best_Model,Market
0.05071329418033801,0.044294865514499696,0.044658494869410884,0.07122643834403765,0.8338238028033607,0.8732430107470435,0.8785943968748317,STRONG,STRONG,STRONG,1427,6.490867094191742e-24,ML,SSE_Composite
