Model,RMSE_HighVol,RMSE_LowVol
GARCH,0.08664914723102492,0.04095047038675235
ML,0.07428991246711611,0.03629310697574226
Hybrid,0.07588146652284196,0.03622250711748815
