ADF_Stat,ADF_pvalue,JB_Stat,JB_pvalue,ARCH_LM_Stat,ARCH_LM_pvalue
-9.351787159984976,8.258187477571469e-16,7153.294379767714,0.0,343.76002630684815,3.858736804171529e-72
