RMSE_GARCH,RMSE_ML,RMSE_HYBRID,RMSE_ROLLING,Corr_GARCH,Corr_ML,Corr_HYBRID,Signal_GARCH,Signal_ML,Signal_HYBRID,n_obs,Hybrid_vs_ML_pvalue,Best_Model,Market
0.11835929807637205,0.11931764327716371,0.11680236249762924,0.13470255220261543,0.7379817643002927,0.7286597703373302,0.7523783365109795,STRONG,STRONG,STRONG,1427,7.927754587331154e-22,HYBRID,ChiNext
