ADF_Stat,ADF_pvalue,JB_Stat,JB_pvalue,ARCH_LM_Stat,ARCH_LM_pvalue
-12.857966454697848,5.183053840075279e-24,8941.90009830923,0.0,801.7253269670498,4.898222889991741e-171
