Model,RMSE,MAE,Correlation,Rank
Adaptive Hybrid (RMSE-weighted),0.11680236249762924,0.04778313239185805,0.7523783365109795,1.0
GARCH,0.11835929807637205,0.05079065595828221,0.7379817643002927,2.0
Machine Learning,0.11931764327716371,0.05017250465160458,0.7286597703373302,3.0
