Model,RMSE_HighVol,RMSE_LowVol
GARCH,0.24883305364786187,0.06309137353620248
ML,0.2550179365840432,0.060030616094657596
Hybrid,0.25090849883505517,0.05762503389742834
