RMSE_GARCH,RMSE_ML,RMSE_HYBRID,RMSE_ROLLING,Corr_GARCH,Corr_ML,Corr_HYBRID,Signal_GARCH,Signal_ML,Signal_HYBRID,n_obs,Hybrid_vs_ML_pvalue,Best_Model,Market
0.06843088560444344,0.07134620356732747,0.06752401287977858,0.1015957359108602,0.8530627575144759,0.8522878675037348,0.8797080540527913,STRONG,STRONG,STRONG,278,0.0023821488511590783,HYBRID,CSI_300
