ADF_Stat,ADF_pvalue,JB_Stat,JB_pvalue,ARCH_LM_Stat,ARCH_LM_pvalue
-29.43617953804021,0.0,1502.2188192753583,0.0,290.5869779755645,1.0569352084593293e-60
