Model,RMSE,MAE,Correlation,Rank
Adaptive Hybrid (RMSE-weighted),0.06752401287977858,0.032279454520142796,0.8797080540527913,1.0
GARCH,0.06843088560444344,0.03406145254527482,0.8530627575144759,2.0
Machine Learning,0.07134620356732747,0.03402724927152411,0.8522878675037348,3.0
