Model,RMSE_HighVol,RMSE_LowVol
GARCH,0.08468936819165901,0.06511327793993502
ML,0.11452993845510398,0.060512625329892086
Hybrid,0.0971597779005674,0.06075297025336674
